Id,FirstName,LastName,Email,StreetAddress,City,State,Zip
1,Priscilla,Jenyns,pjenyns0@state.gov,7884 Corry Way,Helena,MT,70577
2,Karin,Joder,kjoder1@quantcast.gov,03594 Florence Park,Tampa,WA,71961
3,Chadd,Stennine,cstennine2@wired.com,94148 Kings Terrace,Long Beach,CA,59721
4,Fremont,Pallaske,fpallaske3@umich.edu,16958 Forster Crossing,Atlanta,GA,10687
5,Melisa,Kerslake,mkerslake4@dion.ne.jp,283 Pawling Parkway,Dallas,WA,88632
6,Darline,Brauner,dbrauner5@biglobe.ne.jp,33 Menomonie Trail,Atlanta,GA,10687
7,Issiah,Bester,ibester6@psu.edu,96 Independence Hill,Richmond,VA,37731
8,Joly,Scneider,jscneider7@pagesperso-orange.fr,53 Grim Point,Spokane,WA,99022
9,Swen,Mulvany,smulvany8@surveymonkey.com,71258 Cambridge Avenue,Erie,MT,53141
10,Scarface,Dennington,sdennington9@chron.com,9978 Maple Wood Parkway,Memphis,CA,99928
11,Henri,Dorr,hdorra@exblog.jp,2646 Hazelcrest Road,San Francisco,CA,40486
12,Vince,Dee,vdeeb@japanpost.jp,98027 Ridgeview Lane,Houston,GA,67224
13,Daile,Croser,dcroserc@reverbnation.com,3699 Duke Parkway,Winston Salem,WA,44527
14,Editha,Loseke,eloseked@posterous.gov,39431 Lotheville Pass,Washington,CA,73484
15,Phillida,Chastagnier,pchastagniere@reference.com,1 Rutledge Point,Spokane,WA,99021
16,Ewart,Puckinghorne,epuckinghornef@indiatimes.com,9 Forster Lane,Lincoln,GA,40053
17,Sancho,Mahony,smahonyg@stanford.edu,90 Birchwood Street,Las Vegas,MT,36230
18,Iggy,Baughen,ibaughenh@addthis.com,95574 Pond Crossing,Winston Salem,GA,76871
19,Fayette,Dougherty,fdoughertyi@stanford.edu,6487 Pepper Wood Court,Spokane,WA,99021
20,Chelsy,Buckle,cbucklej@tiny.cc,38 Talisman Hill,Jacksonville,CA,57619
21,Reade,Stalman,rstalmank@purevolume.com,20622 Fulton Street,Atlanta,GA,10687